-- phpMyAdmin SQL Dump
-- version 4.9.1
-- https://www.phpmyadmin.net/
--
-- 主機： 127.0.0.1
-- 產生時間： 
-- 伺服器版本： 10.4.8-MariaDB
-- PHP 版本： 7.3.11

SET SQL_MODE = "NO_AUTO_VALUE_ON_ZERO";
SET AUTOCOMMIT = 0;
START TRANSACTION;
SET time_zone = "+00:00";


/*!40101 SET @OLD_CHARACTER_SET_CLIENT=@@CHARACTER_SET_CLIENT */;
/*!40101 SET @OLD_CHARACTER_SET_RESULTS=@@CHARACTER_SET_RESULTS */;
/*!40101 SET @OLD_COLLATION_CONNECTION=@@COLLATION_CONNECTION */;
/*!40101 SET NAMES utf8mb4 */;

--
-- 資料庫： `foodidentification`
--
CREATE DATABASE IF NOT EXISTS `foodidentification` DEFAULT CHARACTER SET utf8 COLLATE utf8_general_ci;
USE `foodidentification`;

-- --------------------------------------------------------

--
-- 資料表結構 `fooddata`
--

CREATE TABLE `fooddata` (
  `fd_num` int(15) NOT NULL,
  `fd_Name` varchar(50) NOT NULL,
  `fd_Name_cn` varchar(50) NOT NULL,
  `fd_generalW` float NOT NULL,
  `fd_Unit` varchar(50) NOT NULL,
  `fd_Pyramid` varchar(15) NOT NULL
) ENGINE=InnoDB DEFAULT CHARSET=utf8;

--
-- 傾印資料表的資料 `fooddata`
--

INSERT INTO `fooddata` (`fd_num`, `fd_Name`, `fd_Name_cn`, `fd_generalW`, `fd_Unit`, `fd_Pyramid`) VALUES
(2, 'eels-on-rice', '鰻魚飯', 315, '一份', 'A'),
(4, 'chicken-n-egg-on-rice', '親子丼', 500, '一份', 'A'),
(5, 'pork-cutlet-on-rice', '豬排飯', 300, '一份', 'A'),
(8, 'chicken-rice', '雞肉飯', 200, '一份', 'A'),
(10, 'tempura-bowl', '天婦羅', 350, '一份', 'A'),
(16, 'chip-butty', '薯片三明治', 150, '一份', 'A'),
(21, 'tempura-udon', '天婦羅烏龍麵', 500, '一份', 'A'),
(24, 'beef-noodle', '牛肉麵', 500, '一份', 'A'),
(25, 'tensin-noodle', '肌腱麵', 300, '一份', 'A'),
(27, 'spaghetti', '義大利麵', 500, '一份', 'A'),
(30, 'gratin', '焗烤', 400, '一份', 'C'),
(31, 'sauteed-vegetables', '炒蔬菜', 250, '一份', 'D'),
(35, 'vegetable-tempura', '蔬菜天婦羅', 350, '一份', 'A'),
(37, 'potage', '法國濃湯', 300, '一份', 'A'),
(41, 'ganmodoki', '油炸豆腐團', 400, '一份', 'C'),
(43, 'stew', '濃湯', 350, '一份', 'B'),
(50, 'sukiyaki', '壽喜燒', 500, '一份', 'B'),
(54, 'tempura', '甜不辣', 300, '一份', 'A'),
(56, 'sirloin-cutlet', '西冷牛扒', 380, '一份', 'B'),
(57, 'nanbanzuke', '日式魚菜', 100, '一份', 'B'),
(59, 'seasoned-beef-with-potatoes', '土豆炖牛肉', 550, '一份', 'B'),
(60, 'hambarg-steak', '漢堡牛排', 250, '一份', 'B'),
(63, 'ginger-pork-saute', ' 姜豬肉炒', 450, '一份', 'B'),
(65, 'yakitori', '烤雞肉串', 200, '一份', 'B'),
(71, 'egg-roll', '蛋捲', 150, '一份', 'B'),
(73, 'stir-fried-beef-and-peppers', '辣椒炒牛肉', 450, '一份', 'B'),
(75, 'boiled-chicken-and-vegetables', '水煮雞肉和蔬菜', 600, '一份', 'D'),
(77, 'sushi-bowl', '壽司碗', 400, '一份', 'B'),
(81, 'steamed-meat-dumpling', '蒸肉餃子', 300, '一份(10顆)', 'B'),
(83, 'cutlet-curry', '炸豬排', 300, '一份', 'B'),
(84, 'spaghetti-meat-sauce', '義大利肉醬麵', 350, '一份', 'A'),
(85, 'fried-shrimp', '炒蝦仁', 250, '一份', 'B'),
(86, 'potato-salad', '土豆沙拉', 250, '一份', 'D'),
(87, 'green-salad', '生菜沙拉', 100, '一份', 'D'),
(89, 'japanese-tofu-and-vegetable-chowder', '豆腐蔬菜雜燴', 400, '一份', 'C'),
(91, 'chinese-soup', '中國湯', 450, '一份', 'B'),
(92, 'beef-bowl', '牛丼', 500, '一份', 'B'),
(99, 'mixed-rice', '什錦飯', 500, '一份', 'A'),
(101, 'almond', '杏仁', 150, '一份', 'E'),
(102, 'apple', '蘋果', 260, '一顆', 'D'),
(103, 'apple-jacks', '蘋果味穀片', 375, '一盒', 'A'),
(104, 'apple-pie', '蘋果派', 135, '一份', 'A'),
(105, 'apricot', '杏', 80, '一顆', 'D'),
(106, 'avocado', '酪梨', 400, '一顆', 'D'),
(107, 'bacon', '培根', 20, '一條', 'B'),
(108, 'bagels', '貝果', 100, '一份', 'A'),
(109, 'baked-chicken', '焗烤雞', 300, '一份', 'B'),
(110, 'baked-mutton', ' 烤羊肉', 600, '一份', 'B'),
(111, 'baked-potatoes', '烤馬鈴薯', 350, '一份', 'A'),
(112, 'baked-sweet-potatoes', '烤地瓜', 55, '一顆', 'A'),
(113, 'banana', '香蕉', 90, '一根', 'D'),
(114, 'baozi', '包子/饅頭', 150, '一顆', 'A'),
(115, 'bean-sprout', '豆芽菜', 150, '一份', 'D'),
(116, 'beef-stir-fry-bell-pepper', '牛肉炒鈴椒', 450, '一份', 'B'),
(117, 'beef-ball', '牛肉丸', 20, '一顆', 'B'),
(118, 'beef-curry', '牛肉咖哩', 250, '一份', 'B'),
(119, 'beef-skewers', '牛肉串', 90, '一串', 'B'),
(120, 'beef-steak', '牛排', 300, '一份(10oz)', 'B'),
(121, 'beef-tartare', '韃靼牛肉', 300, '一份', 'B'),
(122, 'beef-wellington', '威靈頓牛排', 550, '一份', 'B'),
(123, 'bell-pepper', '燈籠椒', 300, '一顆', 'D'),
(124, 'bibimbap', ' 拌飯', 300, '一份', 'A'),
(125, 'bitterballen', '荷蘭炸肉丸', 35, '一顆', 'A'),
(126, 'blackberry', '黑莓', 50, '一顆', 'D'),
(127, 'blackcurrant', '黑加侖', 30, '一顆', 'A'),
(128, 'blueberry', '藍莓', 20, '一顆', 'D'),
(129, 'boiled-bean-sprout', '水煮豆芽', 250, '一份', 'D'),
(130, 'boiled-beef', '水煮牛肉', 250, '一份', 'B'),
(131, 'boiled-broccoli', '水煮西蘭花', 250, '一份', 'D'),
(132, 'boiled-cauliflower', '水煮花椰菜', 200, '一份', 'D'),
(133, 'boiled-chicken', ' 水煮雞肉', 300, '一份', 'B'),
(134, 'boiled-duck', '水煮鴨肉', 300, '一份', 'B'),
(135, 'boiled-fish', '水煮魚肉', 250, '一份', 'B'),
(136, 'boiled-green-peas', ' 水煮豌豆', 150, '一份', 'C'),
(137, 'boiled-mushroom', '水煮蘑菇', 100, '一份', 'D'),
(138, 'boiled-mutton', '水煮羊肉', 450, '一份', 'B'),
(139, 'boiled-seaweed', '水煮海帶', 100, '一份', 'D'),
(140, 'bok-choi', '小白菜', 150, '一份', 'D'),
(141, 'boysenberry', '波森莓', 10, '一顆', 'D'),
(142, 'braised-beef', ' 紅燒牛肉', 200, '一份', 'B'),
(143, 'braised-chicken', '紅燒雞肉', 550, '一份', 'B'),
(144, 'braised-duck', '紅燒鴨肉', 400, '一份', 'B'),
(145, 'braised-pork', '紅燒豬肉', 200, '一份', 'B'),
(146, 'bread-sticks', '麵包棒', 60, '一根', 'A'),
(147, 'broccoli', '西蘭花', 500, '一份', 'D'),
(148, 'broccoli-salad', '西蘭花生菜沙拉', 300, '一份', 'D'),
(149, 'brown-bread', '黑麵包', 100, '一個', 'A'),
(150, 'brownie', '巧克力布朗尼', 50, '一片', 'C'),
(151, 'bubble-milk-tea', '珍珠奶茶', 75, '一杯', 'B'),
(152, 'bun', '包子麵包', 50, '一個', 'A'),
(153, 'butter', '奶油', 120, '一條', 'E'),
(154, 'cabbage', '捲心菜', 470, '一顆', 'D'),
(155, 'cabbage-roll', ' 捲心菜捲', 200, '一條', 'D'),
(156, 'cannoli', '香炸奶酪捲', 30, '一條', 'B'),
(157, 'cantaloupe', '哈密​​瓜', 3000, '一顆', 'D'),
(158, 'carrot', '胡蘿蔔', 100, '一根', 'D'),
(159, 'carrot-cake', '胡蘿蔔蛋糕', 60, '一片', 'A'),
(160, 'carrot-sticks', '胡蘿蔔棒', 100, '一份', 'E'),
(161, 'cashews', '腰果', 5, '一顆', 'D'),
(162, 'cauliflower', '花椰菜', 300, '一顆', 'D'),
(163, 'cheese', '起司', 20, '一塊', 'C'),
(164, 'cheese-cake', '起司蛋糕', 100, '一片', 'A'),
(165, 'cheese-lobster', '起司龍蝦', 450, '一份', 'B'),
(166, 'cheese-plate', '起司拼盤', 500, '一份', 'C'),
(167, 'cherry', '櫻桃', 15, '一顆', 'D'),
(168, 'chicken-curry', '雞肉咖哩', 300, '一份', 'B'),
(169, 'chicken-fingers', '雞柳條', 200, '一份', 'B'),
(170, 'chicken-kiev', '基輔雞', 250, '一份', 'B'),
(171, 'chicken-nugget', '炸雞肉塊', 20, '一塊', 'B'),
(172, 'chicken-quesadilla', '雞肉餡餅', 30, '一份', 'A'),
(173, 'chicken-salad', '雞肉沙拉', 600, '一份', 'D'),
(174, 'chicken-skewers', '雞肉串', 85, '一串', 'B'),
(175, 'chicken-soup', '雞湯', 400, '一份', 'B'),
(176, 'chili-pepper', '辣椒', 2, '一根', 'D'),
(177, 'chilled-noodle', '涼麵', 350, '一份', 'A'),
(178, 'chocolate', '巧克力', 40, '一條', 'E'),
(179, 'chocolate-cake', '巧克力蛋糕', 250, '一片', 'A'),
(180, 'chocolate-milk', '巧克力牛奶', 500, '一杯', 'B'),
(181, 'chocolate-mousse', '巧克力慕斯', 150, '一片', 'C'),
(182, 'churros', '油條', 45, '一條', 'A'),
(183, 'cinnamon-toast-crunch', '穀物脆片', 400, '一盒', 'A'),
(184, 'clam-chowder', '蛤蜊巧達湯', 330, '一份', 'B'),
(185, 'clams-casino', '蛤蜊賭場', 300, '一份', 'B'),
(186, 'clams-soup', '蛤蜊湯', 300, '一份', 'B'),
(187, 'cold-tofu', '凍豆腐', 260, '一份', 'C'),
(188, 'cookies', '餅乾', 15, '一片', 'A'),
(189, 'corn-flakes', '玉米片', 500, '一盒', 'A'),
(190, 'crab-cakes', '蟹肉餅', 200, '一份', 'A'),
(191, 'crabs-curry', '螃蟹咖哩', 500, '一份', 'B'),
(192, 'crabs-soup', '螃蟹湯', 350, '一份', 'B'),
(193, 'crab-stick', '蟹肉棒', 15, '一條', 'B'),
(194, 'cream-puff', '泡芙', 30, '一顆', 'A'),
(195, 'creme-brulee', '法式焦糖布丁', 120, '一個', 'E'),
(196, 'croissant', ' 羊角麵包', 75, '一個', 'A'),
(197, 'croquette', '可樂餅', 60, '一份', 'A'),
(198, 'cucumber', ' 黃瓜', 150, '一條', 'D'),
(199, 'cup-cake', '杯子蛋糕', 60, '一個', 'A'),
(200, 'dipping-noodles', '沾麵', 230, '一份', 'A'),
(201, 'donuts', '甜甜圈', 75, '一份', 'A'),
(202, 'dragonfruit', ' 火龍果', 250, '一顆', 'D'),
(203, 'dried-fish', '魚乾', 70, '一份', 'B'),
(204, 'dry-glazed-pork', '豬肉乾', 300, '一包', 'B'),
(205, 'duck-soup', '鴨湯', 450, '一份', 'B'),
(206, 'dumplings', '水餃', 300, '一份(10顆)', 'A'),
(207, 'durian', '榴槤', 2500, '一顆', 'D'),
(208, 'edamame', '毛豆', 400, '一份', 'C'),
(209, 'eggplant', '茄子', 230, '一條', 'D'),
(210, 'eggs-benedict', '火腿蛋鬆餅', 200, '一份', 'B'),
(211, 'egg-sunny-side-up', '荷包蛋', 50, '一份', 'B'),
(212, 'fermented-soybeans', '發酵大豆', 100, '一份', 'C'),
(213, 'fired-jiaozi', '炒餃子', 200, '一份(10顆)', 'B'),
(214, 'fish-curry', '咖哩魚', 380, '一份', 'B'),
(215, 'fish-cutlets', ' 魚排', 65, '一片', 'B'),
(216, 'fish-fingers', '魚柳條', 180, '一份', 'B'),
(217, 'fish-shaped-pancake-with-bean-jam', '魚雕燒', 75, '一個', 'B'),
(218, 'fish-skewers', '魚肉串', 200, '一串', 'B'),
(219, 'fish-soup', '魚湯', 500, '一份', 'B'),
(220, 'french-fries', ' 炸薯條', 150, '一份', 'A'),
(221, 'fried-beef', '炒牛肉', 150, '一份', 'B'),
(222, 'fried-calamari-squid', ' 炸魷魚', 85, '一份', 'B'),
(223, 'fried-chicken', '炸雞', 100, '一份', 'B'),
(224, 'fried-chicken-legs', ' 炸雞腿', 160, '一份', 'B'),
(225, 'fried-chicken-wings', ' 炸雞翅', 140, '一份', 'B'),
(226, 'fried-crabs', ' 炸螃蟹', 150, '一份', 'B'),
(227, 'fried-eggplant', ' 炸茄子', 120, '一份', 'D'),
(228, 'fried-fish', '炸魚', 200, '一份', 'B'),
(229, 'fried-hairtial', ' 炸魚尾', 230, '一份', 'B'),
(230, 'fried-mushroom', '炸香菇', 150, '一份', 'D'),
(231, 'fried-noodle', '炒麵', 400, '一份', 'A'),
(232, 'fried-octopus-ball', '章魚燒', 150, '一份(6顆)', 'B'),
(233, 'fried-pork', '炸豬排', 90, '一片', 'B'),
(234, 'fried-potatoes', '炸馬鈴薯', 200, '一份', 'A'),
(235, 'fried-rice', '炒飯', 410, '一份', 'A'),
(236, 'fried-sausage', '炸香腸', 75, '一根', 'B'),
(237, 'fried-seaweed', '紫菜', 80, '一份', 'D'),
(238, 'fried-shrimps', '炸蝦', 150, '一份', 'B'),
(239, 'fried-sweet-potato', '炸地瓜薯條', 200, '一份', 'A'),
(240, 'fried-tempura', '炸甜不辣', 30, '一片', 'A'),
(241, 'frozen-yogurt', '冰凍酸奶', 200, '一份', 'B'),
(242, 'fusilli-pasta', ' 螺絲粉麵食', 360, '一份', 'A'),
(243, 'goya-chanpuru', '沖繩雜炒', 350, '一份', 'D'),
(244, 'grain-cheerios', '穀物麥片', 500, '一盒', 'A'),
(245, 'gralic-bread', '大蒜麵包', 200, '一片', 'A'),
(246, 'grape', '葡萄', 15, '一顆', 'D'),
(247, 'green-peas', '豌豆', 1, '一條', 'C'),
(248, 'grilled-baby-octopus', '烤章魚', 200, '一份', 'B'),
(249, 'grilled-eggplant', '烤茄子', 250, '一份', 'D'),
(250, 'grilled-lobster', '烤龍蝦', 600, '一份', 'B'),
(251, 'grilled-pacific-saury-', '烤秋刀魚', 120, '一份', 'B'),
(252, 'grilled-pork', '烤豬肉', 370, '一份', 'B'),
(253, 'grilled-salmon', '烤三文魚', 150, '一份', 'B'),
(254, 'gyoza', '餃子', 20, '一顆', 'B'),
(255, 'ham', '火腿', 180, '一份', 'B'),
(256, 'hamburger', '漢堡', 200, '一份', 'A'),
(257, 'hazelnut', '榛果', 5, '一顆', 'E'),
(258, 'honeydew', '白蘭瓜', 1700, '一顆', 'D'),
(259, 'hongshao-pork', '紅燒豬肉', 250, '一份', 'B'),
(260, 'hot-dog', '熱狗', 35, '一條', 'A'),
(261, 'huajuan', '花卷', 25, '一條', 'A'),
(262, 'ice-cream', '冰淇淋', 75, '一球', 'E'),
(263, 'japanese-style-pancake', '日式煎餅', 600, '一份', 'A'),
(264, 'jelly', '果凍', 25, '一個', 'A'),
(265, 'jerk-pork', '烤豬', 600, '一份', 'B'),
(266, 'jiaozi', '餃子/水餃', 25, '一顆', 'B'),
(267, 'kinpira-style-sauteed-burdock', '日式炒牛蒡', 300, '一份', 'D'),
(268, 'kiwifruit', '奇異果', 70, '一顆', 'D'),
(269, 'kix', '玉米脆片', 500, '一盒', 'A'),
(270, 'kung-pao-chicken', '宮保雞丁', 350, '一份', 'B'),
(271, 'lemon', '檸檬', 150, '一顆', 'D'),
(272, 'lemon-gralic-shrimps', ' 檸檬蒜蝦', 300, '一份', 'B'),
(273, 'lettuce', '生菜', 300, '一份', 'D'),
(274, 'lightly-roasted-fish', ' 輕烤魚', 200, '一份', 'B'),
(275, 'lion-head', '獅子頭', 300, '一份', 'B'),
(276, 'lobster-bisque', '龍蝦濃湯', 480, '一份', 'B'),
(277, 'lobster-curry', '龍蝦咖哩', 600, '一份', 'B'),
(278, 'lobster-roll-sandwich', '龍蝦三明治', 200, '一份', 'A'),
(279, 'lobster-soup', '龍蝦湯', 550, '一份', 'B'),
(280, 'longan', '龍眼', 10, '一顆', 'D'),
(281, 'lychee', '荔枝', 75, '一顆', 'D'),
(282, 'macadamia', '澳洲堅果', 5, '一顆', 'C'),
(283, 'macaroni-and-cheese', '起司通心粉', 450, '一份', 'A'),
(284, 'macaroni-salad', '通心粉沙拉', 350, '一份', 'D'),
(285, 'macarons', '馬卡龍', 15, '一個', 'A'),
(286, 'mango', '芒果', 350, '一顆', 'D'),
(287, 'mangosteen', ' 山竹', 50, '一顆', 'D'),
(288, 'mantou', '饅頭', 80, '一顆', 'A'),
(289, 'marie-biscuits', '馬利餅', 50, '一片', 'A'),
(290, 'melon-bread', '蜜瓜麵包', 80, '一個', 'A'),
(291, 'milk', '牛奶', 200, '一杯(200ml)', 'B'),
(292, 'milkshake', '奶昔', 550, '一杯(480ml)', 'B'),
(293, 'miso-soup', ' 味噌湯', 250, '一份', 'C'),
(294, 'mix-rice', '燴飯', 500, '一份', 'A'),
(295, 'mushroom', '香菇', 15, '一個', 'D'),
(296, 'mussels', '無孔貽貝類', 300, '一份', 'B'),
(297, 'mutton-chops', ' 羊排', 600, '一份', 'B'),
(298, 'mutton-curry', '羊肉咖哩', 550, '一份', 'B'),
(299, 'mutton-fry', '炸羊肉', 500, '一份', 'B'),
(300, 'mutton-kofta', '羊肉丸', 50, '一顆', 'B'),
(301, 'mutton-skewers', '羊肉串', 180, '一串', 'B'),
(302, 'mutton-soup', '羊肉湯', 470, '一份', 'B'),
(303, 'noodles-soup', '湯麵', 560, '一份', 'A'),
(304, 'oden', '關東煮', 300, '一份', 'A'),
(305, 'omelet', '歐姆蛋', 120, '一份', 'B'),
(306, 'omelet-with-fried-rice', '蛋包飯', 400, '一份', 'B'),
(307, 'onion', '洋蔥', 300, '一顆', 'D'),
(308, 'onion-rings', '洋蔥圈', 20, '一個', 'D'),
(309, 'orange', '橘子', 200, '一顆', 'D'),
(310, 'orange-chicken', '橙子雞', 300, '一份', 'B'),
(311, 'oysters', '生蠔', 125, '一個', 'B'),
(312, 'pancake', '薄煎餅', 65, '一包', 'A'),
(313, 'peach', '桃子', 250, '一顆', 'D'),
(314, 'peanut', '花生', 1, '一顆', 'E'),
(315, 'pear', '梨子', 250, '一顆', 'D'),
(316, 'pecans', '胡桃', 5, '一顆', 'E'),
(317, 'peking-duck', '北京烤鴨', 650, '一份', 'B'),
(318, 'penne-pasta', '意大利管麵', 450, '一份', 'A'),
(319, 'philippine-adobo', '菲律賓阿斗波', 360, '一份', 'B'),
(320, 'pho', '河粉', 480, '一份', 'A'),
(321, 'pilaf', '抓飯', 410, '一份', 'A'),
(322, 'pistachio', '開心果', 3, '一顆', 'E'),
(323, 'pita', '皮塔餅', 120, '一份', 'A'),
(324, 'pizza', '比薩', 120, '一片', 'A'),
(325, 'pizza-toast', '比薩吐司', 75, '一片', 'A'),
(326, 'plum', '李子', 100, '一顆', 'D'),
(327, 'pomegranate', '石榴', 250, '一顆', 'D'),
(328, 'popcorn-chicken', '雞米花', 200, '一份', 'B'),
(329, 'pork-chop', ' 豬排', 80, '一片', 'B'),
(330, 'pork-curry', '豬肉咖哩', 430, '一份', 'B'),
(331, 'pork-miso-soup', '豬肉味噌湯', 380, '一份', 'B'),
(332, 'pork-skewers', '豬肉串', 220, '一串', 'B'),
(333, 'potatoes', '馬鈴薯', 300, '一份', 'A'),
(334, 'pudding', '布丁', 120, '一顆', 'B'),
(335, 'pulled-beef', '牛肉絲', 230, '一份', 'B'),
(336, 'pulled-chicken', '雞肉絲', 200, '一份', 'B'),
(337, 'pulled-pork', '豬肉絲', 180, '一份', 'B'),
(338, 'pumkin', ' 南瓜', 1800, '一顆', 'D'),
(339, 'pumpkin-soup', '南瓜湯', 560, '一份', 'D'),
(340, 'radish', ' 蘿蔔', 150, '一條', 'D'),
(341, 'radish-soup', ' 蘿蔔湯', 400, '一份', 'D'),
(342, 'raisin', ' 葡萄乾', 2, '一粒', 'D'),
(343, 'raisin-bread', '葡萄乾麵包', 50, '一個', 'A'),
(344, 'ramen-noodle', '拉麵', 650, '一份', 'A'),
(345, 'raspberry', '樹莓', 5, '一顆', 'D'),
(346, 'red-velvet-cake', '紅色天鵝絨蛋糕', 120, '一片', 'A'),
(347, 'rice', '米飯', 200, '一碗', 'A'),
(348, 'rice-ball', '飯糰', 100, '一個', 'A'),
(349, 'roast-chicken', '烤雞', 1200, '一隻', 'B'),
(350, 'roast-duck', '烤鴨', 1000, '一隻', 'B'),
(351, 'roasted-pumkin', ' 烤南瓜', 1700, '一顆', 'D'),
(352, 'roasted-sweetcorn', '烤甜玉米', 250, '一條', 'A'),
(353, 'roll-bread', '圓麵包', 75, '一個', 'A'),
(354, 'rolled-omelet', '煎蛋捲', 120, '一份', 'B'),
(355, 'rolled-pork', '豬肉捲', 200, '一份', 'B'),
(356, 'rye-bread', '黑麥麵包', 150, '一條', 'A'),
(357, 'salmon-meuniere', '鮭魚', 350, '一份', 'B'),
(358, 'salted-duck', '鹹水鴨', 480, '一份', 'B'),
(359, 'salty-chicken', '鹹水雞', 500, '一份', 'B'),
(360, 'sandwiches', '三明治', 150, '一份', 'A'),
(361, 'sashimi', ' 生魚片', 20, '一片', 'B'),
(362, 'sashimi-bowl', '刺身碗', 350, '一碗', 'B'),
(363, 'sausage', '香腸', 75, '一條', 'B'),
(364, 'sausage-skewers', '香腸串', 150, '一串', 'B'),
(365, 'sauteed-spinach', '炒菠菜', 270, '一份', 'D'),
(366, 'seaweed-salad', ' 海藻沙拉', 250, '一份', 'D'),
(367, 'seaweed-soup', '海藻湯', 350, '一份', 'D'),
(368, 'shaomai', '燒賣', 25, '一個', 'B'),
(369, 'shredded-carrots', '胡蘿蔔絲', 180, '一份', 'D'),
(370, 'shredded-potatoes', '土豆絲', 230, '一份', 'A'),
(371, 'shrimp-curry', '咖哩蝦', 450, '一份', 'B'),
(372, 'shrimp-soup', '蝦湯', 550, '一份', 'B'),
(373, 'shrimp-with-chili-source', '辣炒蝦', 230, '一份', 'B'),
(374, 'simmered-pork', '炖肉', 700, '一份', 'B'),
(375, 'sliced-carrots', '切片紅蘿蔔', 250, '一份', 'D'),
(376, 'sliced-sausage', '切片香腸', 200, '一份', 'B'),
(377, 'smothered-pork-chops', '悶豬排', 100, '一片', 'B'),
(378, 'soba-noodle', '蕎麥麵', 250, '一份', 'A'),
(379, 'soy-sauce-chicken', '豉油／醬油／油雞', 600, '一份', 'B'),
(380, 'soy-sauce-clams', '醬油炒蛤蜊', 350, '一份', 'B'),
(381, 'soy-sauce-potatoes', '醬油馬鈴薯', 450, '一份', 'A'),
(382, 'spaghetti-bolognese', '番茄肉醬義大利麵', 480, '一份', 'A'),
(383, 'spaghetti-carbonara', '培根蛋義大利麵', 500, '一份', 'A'),
(384, 'spiced-beef', '滷牛肉', 380, '一份', 'B'),
(385, 'spicy-chili-flavored-tofu', '韓式辣豆腐', 180, '一份', 'C'),
(386, 'spring-rolls', '春捲', 35, '一條', 'A'),
(387, 'squid-fry', '炒魷魚／小捲', 200, '一份', 'B'),
(388, 'steamed-bok-choi', '蒸小白菜', 230, '一份', 'D'),
(389, 'steamed-chicken', '蒸雞肉', 450, '一份', 'B'),
(390, 'steamed-clams', '蒸蛤蜊', 350, '一份', 'B'),
(391, 'steamed-crabs', '蒸螃蟹', 500, '一份', 'B'),
(392, 'steamed-egg-hotchpotch', '茶碗蒸', 150, '一份', 'B'),
(393, 'steamed-fish', '蒸魚', 420, '一份', 'B'),
(394, 'steamed-lobster', '蒸龍蝦', 530, '一份', 'B'),
(395, 'steamed-shrimps', '蒸蝦', 320, '一份', 'B'),
(396, 'steamed-squid', '魷魚／烏賊／小捲', 230, '一份', 'B'),
(397, 'steamed-sweetcorn', '蒸玉米', 270, '一條', 'A'),
(398, 'stir-fry-bean-sprout', '炒豆芽菜', 400, '一份', 'D'),
(399, 'stir-fry-bok-choi', '炒小白菜', 380, '一份', 'D'),
(400, 'stir-fry-broccoli', '炒西蘭花', 450, '一份', 'D'),
(401, 'stir-fry-cabbage', '炒高麗菜', 460, '一份', 'D'),
(402, 'stir-fry-carrot', '炒紅蘿蔔', 500, '一份', 'D'),
(403, 'stir-fry-cauliflower', '炒花椰菜', 450, '一份', 'D'),
(404, 'stir-fry-green-peas', '炒豌豆', 300, '一份', 'C'),
(405, 'stir-fry-lettuce', '炒萵苣', 350, '一份', 'D'),
(406, 'stir-fry-mushroom', '炒蘑菇', 300, '一份', 'D'),
(407, 'strawberry', '草莓', 30, '一顆', 'D'),
(408, 'sushi', '壽司', 50, '一個', 'A'),
(409, 'sweet-and-sour-pork', '糖醋肉／咕咾肉', 250, '一份', 'B'),
(410, 'sweetcorn', '玉米', 200, '一條', 'A'),
(411, 'sweetcorn-cup', '玉米杯', 150, '一份', 'A'),
(412, 'sweetcorn-salad', '玉米沙拉', 250, '一份', 'D'),
(413, 'sweetcorn-soup', '玉米濃湯', 350, '一份', 'A'),
(414, 'sweet-potatoes', '地瓜／番薯', 70, '一顆', 'A'),
(415, 'tacos', '墨西哥捲（脆）餅', 65, '一份', 'A'),
(416, 'takoyaki', '章魚燒', 25, '一顆', 'A'),
(417, 'teriyaki-grilled-fish', '紅燒烤魚', 250, '一份', 'B'),
(418, 'tiramisu', '提拉米蘇', 80, '一片', 'A'),
(419, 'toast', '（烤）吐司', 45, '一片', 'A'),
(420, 'tomatoes', '番茄', 150, '一顆', 'D'),
(421, 'udon-noodle', '烏龍麵', 240, '一份', 'A'),
(422, 'waffles', '格子鬆餅（華夫餅）', 15, '一包', 'A'),
(423, 'walnut', '核桃', 6, '一顆', 'E'),
(424, 'watermelon', '西瓜', 6000, '一顆', 'D'),
(425, 'white-bread', '白土司／麵包', 150, '一條', 'A'),
(426, 'whole-wheat-bread', '全麥土司／麵包', 135, '一條', 'A'),
(427, 'zongzi', '粽子', 250, '一顆', 'A');

-- --------------------------------------------------------

--
-- 資料表結構 `googlelogin`
--

CREATE TABLE `googlelogin` (
  `id` varchar(20) NOT NULL,
  `account` varchar(20) NOT NULL,
  `password` varchar(20) NOT NULL,
  `name` varchar(15) NOT NULL,
  `gender` varchar(7) NOT NULL,
  `year` int(4) NOT NULL,
  `month` int(4) NOT NULL,
  `day` int(4) NOT NULL,
  `email` varchar(25) NOT NULL,
  `u_lastT` datetime NOT NULL
) ENGINE=InnoDB DEFAULT CHARSET=utf8;

--
-- 傾印資料表的資料 `googlelogin`
--

INSERT INTO `googlelogin` (`id`, `account`, `password`, `name`, `gender`, `year`, `month`, `day`, `email`, `u_lastT`) VALUES
('g1029197003610577725', '10291970036105777251', '10291970036105777251', '吳柏龍', 'male', 1998, 4, 7, 'devil091034@gmail.com', '2019-11-19 19:09:01');

-- --------------------------------------------------------

--
-- 資料表結構 `nutrientsdata`
--

CREATE TABLE `nutrientsdata` (
  `nd_num` int(15) NOT NULL,
  `nd_protein` float NOT NULL,
  `nd_carbohydrates` float NOT NULL,
  `nd_fat` float NOT NULL,
  `nd_vtmA` float NOT NULL,
  `nd_vtmB` float NOT NULL,
  `nd_vtmC` float NOT NULL,
  `nd_vtmD` float NOT NULL,
  `nd_vtmE` float NOT NULL,
  `nd_minerals` float NOT NULL,
  `nd_water` float NOT NULL,
  `nd_kcal` float NOT NULL
) ENGINE=InnoDB DEFAULT CHARSET=utf8;

--
-- 傾印資料表的資料 `nutrientsdata`
--

INSERT INTO `nutrientsdata` (`nd_num`, `nd_protein`, `nd_carbohydrates`, `nd_fat`, `nd_vtmA`, `nd_vtmB`, `nd_vtmC`, `nd_vtmD`, `nd_vtmE`, `nd_minerals`, `nd_water`, `nd_kcal`) VALUES
(2, 16.4, 0.1, 21.3, 0.9, 0, 0, 0, 6.3, 0.95, 0, 293),
(4, 5.3, 16.6, 4.15, 0, 0, 0, 0, 0, 0.642, 0, 128),
(5, 21.35, 0, 5.89, 0, 0, 0, 0, 0, 0.718, 0, 144),
(8, 7.23, 18.28, 2.89, 0, 0, 0, 0, 0, 0.324, 0, 131),
(10, 7.3, 21, 1.6, 0.0009, 0.02, 0, 0, 1.7, 0.432, 0, 140),
(16, 12.18, 16.72, 11.39, 0, 0, 0, 0, 0, 0.741, 0, 220),
(21, 5.99, 21.31, 2.59, 0, 0, 0, 0, 0, 708, 0, 133),
(24, 4.95, 15.13, 2.56, 0, 0, 0, 0, 0, 0.178, 70, 104),
(25, 1.9, 3.6, 1.2, 0, 0, 0, 0, 0, 0.864, 62.3, 33),
(27, 8.8, 50, 3.5, 0, 0, 0, 0, 0, 0.167, 0, 271),
(30, 5, 11, 8, 79.2, 0.2, 9.9, 0, 0, 0.829, 0, 131),
(31, 2.24, 4.81, 2.42, 0, 0, 0, 0, 0, 0.664, 0, 46),
(35, 18.21, 10.36, 2.79, 0, 0, 0, 0, 0, 0.307, 0, 145),
(37, 0.8, 4.8, 0.3, 0, 0, 0, 0, 0, 0.218, 65, 22),
(41, 17.19, 10.49, 20.18, 0, 0, 0, 0, 0, 0.162, 0, 271),
(43, 4.1, 8, 2, 153, 0, 0.5, 0, 0, 0.331, 75, 250),
(50, 5.28, 6.08, 3.61, 0, 0, 0, 0, 0, 0.3, 10.2, 76),
(54, 5.98, 57.2, 0.27, 0.0009, 0.02, 0, 0, 1.7, 0.529, 0, 251),
(56, 21.22, 0, 7.17, 0, 0, 0, 0, 0, 0.798, 5.7, 155),
(57, 0.62, 4.12, 0.19, 10, 0.14, 1, 0, 0, 0.369, 5.3, 18),
(59, 13.2, 3.02, 4.63, 0, 0, 0, 0, 0, 1.255, 0, 109),
(60, 22.09, 0, 4.08, 0, 0, 0, 0, 0, 0.211, 0, 131),
(63, 7.83, 64.93, 9.88, 0, 0, 0, 0, 0, 0.641, 0, 354),
(65, 19.3, 4.2, 5, 0, 0, 0, 0, 0, 0.726, 0, 140),
(71, 6.11, 29.51, 16.94, 0, 0, 0, 0, 0, 0.305, 0, 295),
(73, 14.21, 5.22, 7.26, 0, 0, 0, 0, 0, 0.656, 0, 140),
(75, 0.6, 4.59, 0.1, 0, 0, 0, 0, 0, 0.456, 0, 22),
(77, 4.3, 29.9, 0.42, 0, 0, 0, 0, 0, 0.855, 0, 143),
(81, 3.3, 20.22, 3.21, 0, 0, 0, 0, 0, 0.623, 0, 124),
(83, 3.3, 22, 2, 0, 0, 0, 0, 0, 1.74, 0, 119),
(84, 8.8, 50, 3.5, 0, 0, 0, 0, 0, 0.167, 0, 271),
(85, 13.42, 3.64, 12.18, 411.44, 13.59, 4.65, 0, 19.75, 0.674, 0, 180),
(86, 2.68, 11.17, 8.2, 14.4, 0, 36.1, 0, 13.04, 0.783, 0, 143),
(87, 0.87, 3.8, 0.17, 0, 0, 0, 0, 0, 0.336, 0, 17),
(89, 7.97, 2.1, 4.95, 0, 0, 0, 0, 0, 0.533, 0, 78),
(91, 5.57, 0.42, 1.8, 0.0009, 0.1, 0.2, 0, 0, 0.482, 63, 40),
(92, 12.41, 7.58, 13.16, 0, 0.4, 0, 0.000175, 0, 0.39, 0, 202),
(99, 10.7, 9.31, 8.69, 9.9, 0, 0, 0, 0, 0.365, 0, 161),
(101, 21.15, 21.55, 49.93, 0.0006, 0.137, 0, 0, 25.63, 0.734, 0, 579),
(102, 0.27, 12.76, 0.13, 0.0114, 0.037, 4, 0, 0.05, 0.009, 86.67, 48),
(103, 4.76, 88.1, 3.57, 0.5358, 1.667, 50, 0.003575, 0, 0.476, 0, 381),
(104, 2.65, 52.21, 15.04, 0, 0, 0, 0, 0, 0.478, 0, 354),
(105, 1.4, 11, 0.4, 0.5778, 0.054, 10, 0, 0.89, 0.359, 56.35, 48),
(106, 1.96, 8.64, 15.41, 0.0441, 0.287, 8.8, 0, 1.97, 0.515, 52.33, 167),
(107, 11.69, 5.31, 29.52, 0.0264, 0.479, 0, 0, 6.9, 1.635, 3.3, 309),
(108, 10.6, 53, 2.1, 0.0327, 0.087, 0.6, 0, 0, 0.573, 0, 278),
(109, 7.06, 10.59, 2.75, 0.0234, 0, 4.7, 0, 0, 0.4, 0, 94),
(110, 33.43, 0, 11.09, 0, 0.377, 0, 0, 0.79, 0.509, 0, 234),
(111, 3.51, 15.79, 7.02, 0.0264, 0, 3.2, 0, 0, 0.491, 0, 149),
(112, 0.71, 25.71, 7.14, 0.2679, 0, 8.6, 0, 0, 0.193, 0, 171),
(113, 1.1, 23, 0.3, 0.0192, 0.367, 8.7, 0, 0.1, 0.458, 5.3, 88),
(114, 9.3, 53.49, 3.49, 0, 0, 0, 0, 0, 0.546, 0, 279),
(115, 0.7, 2.11, 0, 0.1056, 0, 1.7, 0, 0, 0.035, 0, 14),
(116, 24.71, 9.41, 11.76, 0, 0, 0, 0, 0, 0.506, 0, 247),
(117, 21.05, 7.58, 7.02, 0, 0, 0, 0, 0, 0.691, 0, 175),
(118, 11.69, 5.8, 12.96, 0, 0, 0, 0, 0, 0.935, 0, 184),
(119, 17.7, 8.85, 3.54, 0, 0, 0, 0, 0, 0.434, 0, 142),
(120, 28.57, 28.57, 10.71, 0.4287, 0, 0, 0, 0, 2.286, 0, 321),
(121, 29.85, 0, 11.3, 0, 0, 0, 0, 0, 0.731, 0, 229),
(122, 16.81, 0, 15.04, 0, 0, 0, 0, 0, 0.067, 0, 212),
(123, 1.18, 4.71, 0, 0.1059, 0, 77.6, 0, 0, 0, 0, 18),
(124, 2.82, 23.94, 11.27, 0.3168, 0, 0, 0, 0, 0.268, 0, 211),
(125, 19.39, 6.94, 5.62, 0, 0, 0, 0, 0, 0.641, 0, 161),
(126, 1.39, 9.61, 0.49, 0.0642, 0.03, 21, 0, 1.17, 0.163, 10.15, 43),
(127, 0.84, 17.65, 0.42, 0.0252, 0.04, 30.3, 0, 0, 0.008, 15, 76),
(128, 0.74, 14.49, 0.33, 0.0162, 0.052, 9.7, 0, 0.57, 0.078, 12.8, 57),
(129, 3.53, 4.71, 0.59, 0.0705, 0, 14.1, 0, 0, 0.006, 0, 35),
(130, 24.21, 0, 3.26, 0.0081, 0.16, 0, 0.000125, 0.57, 0.225, 15, 126),
(131, 2.38, 7.18, 0.41, 0.4644, 0.2, 64.9, 0, 1.45, 0.555, 13.8, 35),
(132, 1.75, 3.96, 0.37, 0.0036, 0.173, 44.3, 0, 0.07, 0.424, 12.9, 23),
(133, 30.76, 0, 3.54, 0, 0, 0, 0, 0, 0.65, 0, 164),
(134, 18.28, 0, 5.95, 0, 0, 0, 0, 0, 0.345, 0, 132),
(135, 20.42, 0, 0.25, 0, 0, 0, 0, 0, 0.506, 0, 84),
(136, 5.36, 15.63, 0.22, 0.2403, 0.216, 14.2, 0, 0.14, 0.274, 3.8, 84),
(137, 2.17, 5.29, 0.47, 0, 0.095, 4, 0.0002, 0.01, 0.594, 2.2, 28),
(138, 33.43, 0.08, 11.09, 0, 0.377, 0, 0, 0.8, 0.544, 3.1, 234),
(139, 50, 35.71, 3.57, 3.2142, 0, 428.6, 0, 0, 0.464, 0, 357),
(140, 1.56, 1.78, 0.16, 1.2747, 0.166, 26, 0, 0.09, 0.405, 5.1, 12),
(141, 1.1, 12.19, 0.26, 0.0201, 0.056, 3.1, 0, 0.87, 0.14, 10, 50),
(142, 6.79, 11.43, 2.5, 0.1071, 0, 3.2, 0, 0, 0.143, 0, 93),
(143, 23.93, 0, 5.95, 0.0072, 0.372, 0, 0.00005, 0.17, 0.356, 0, 149),
(144, 16.67, 3.33, 16.67, 0, 0, 0, 0, 0, 0.967, 0, 200),
(145, 8.48, 10.6, 2.83, 0.1326, 0, 9.5, 0, 0, 0.191, 0, 99),
(146, 12, 68.4, 9.5, 0, 0.073, 0, 0, 1.01, 0.837, 0, 412),
(147, 1.14, 3.81, 0.72, 0.4914, 0.07, 28.2, 0, 0.48, 0.268, 9, 22),
(148, 2.86, 15.71, 17.86, 0.9642, 0, 10.7, 0, 0, 0.193, 0, 243),
(149, 8.45, 53.52, 2.82, 0, 0, 0, 0, 0, 0.38, 0, 268),
(150, 4.8, 63.9, 16.3, 0.0207, 0.035, 0, 0, 0.15, 0.435, 5.6, 405),
(151, 0, 11.67, 0.62, 0, 0, 0, 0, 0, 0.008, 0, 50),
(152, 5.88, 52.94, 17.65, 0, 0, 0, 0, 0, 0.224, 0, 400),
(153, 0.85, 0.06, 81.11, 0.7497, 0.003, 0, 0, 2.32, 0.667, 0, 717),
(154, 1.1, 2.4, 0.5, 0.0279, 0.213, 0, 0, 0.11, 0.649, 7.4, 15),
(155, 1.28, 5.8, 0.1, 0.0294, 0.124, 36.6, 0, 0.15, 0.188, 3.12, 25),
(156, 6.32, 42.11, 14.74, 0, 0, 0, 0, 0, 0.06, 0, 328),
(157, 0.84, 8.16, 0.19, 1.0146, 0.072, 36.7, 0, 0.05, 0.283, 35.15, 34),
(158, 0.93, 9.58, 0.24, 5.0118, 0.138, 5.9, 0, 0.66, 0.389, 0, 41),
(159, 0, 85.71, 0, 0, 0, 0, 0, 0, 0, 0, 429),
(160, 7.5, 70, 7.5, 0, 0, 0, 0, 0, 2.975, 0, 375),
(161, 10, 60, 27.5, 0, 0, 0, 0, 0, 0.062, 0, 500),
(162, 3.04, 6.28, 0.31, 0.0423, 0.206, 72.6, 0, 0, 0.537, 7.3, 32),
(163, 21.4, 2.34, 28.74, 0.2163, 0.166, 0, 0.000525, 0.25, 1.402, 0, 353),
(164, 5.05, 33.33, 23.23, 0.2274, 0, 0, 0, 0, 0.475, 0, 354),
(165, 7.33, 14, 14, 0, 0, 0, 0, 0, 0.416, 0, 207),
(166, 25, 3.57, 35.71, 0.2679, 0, 0, 0, 0, 0.786, 0, 457),
(167, 2.5, 82.5, 0.1, 1.3125, 0.1, 0, 0, 0, 0.525, 0, 350),
(168, 1.61, 8.06, 9.68, 0.1452, 0, 5.8, 0, 0, 0.661, 0, 113),
(169, 18.68, 16.84, 20.31, 0.003, 0.455, 0, 0, 1.69, 1.095, 0, 325),
(170, 11.27, 12.68, 21.83, 0.021, 0, 0, 0, 0, 0.415, 0, 289),
(171, 16.46, 14.31, 22.55, 0, 0.254, 1.3, 0, 0, 0.958, 0, 326),
(172, 15.05, 24.04, 15.25, 0.0813, 0.08, 0.1, 0.0002, 0.29, 0.928, 0, 294),
(173, 10.28, 3.64, 3.14, 0.6036, 0, 10.2, 0, 0, 0.23, 0, 81),
(174, 18.75, 1.79, 2.23, 0.0804, 0, 2.1, 0, 0, 0.545, 0, 107),
(175, 2.5, 3.5, 1.2, 0.0009, 0.2, 0.1, 0, 0.03, 0.248, 72.12, 36),
(176, 0, 5.38, 0, 0.1731, 0, 11.5, 0, 0, 0.042, 0, 23),
(177, 4.51, 25.01, 2.06, 0, 0, 0, 0, 0, 0.274, 0, 137),
(178, 2.94, 73.53, 14.71, 0, 0, 0, 0, 0, 0.059, 0, 441),
(179, 3.63, 60.31, 15.93, 0.0006, 0.143, 1.9, 0, 1.09, 0.508, 0, 399),
(180, 9.52, 47.62, 40.48, 0, 0, 2.9, 0, 0, 0.071, 20, 595),
(181, 1.19, 19.05, 23.81, 0, 0, 0.7, 0, 0, 0.008, 0, 269),
(182, 3.57, 71.43, 21.43, 0, 0, 0, 0, 0, 0.286, 0, 500),
(183, 0, 75, 21.43, 0.2142, 0, 0, 0, 0, 0.232, 0, 500),
(184, 3.85, 7.05, 9.94, 0.1443, 0, 1.9, 0, 0, 0.26, 0, 131),
(185, 7.89, 15.79, 6.58, 0, 0, 0, 0, 0, 0.553, 0, 158),
(186, 2.86, 10.2, 6.53, 0.0123, 0, 0.5, 0, 0, 0.567, 80.3, 110),
(187, 9.41, 2.35, 5.29, 0, 0, 0, 0, 0, 0.159, 0, 94),
(188, 11.8, 67.1, 13.2, 0.0069, 5.899, 7, 0, 0.46, 0.801, 0, 433),
(189, 8.82, 88.24, 0.1, 0.0882, 0, 0, 0, 0, 0.352, 0, 382),
(190, 9.86, 9.86, 15.49, 0.0633, 0, 4.2, 0, 0, 0.535, 0, 211),
(191, 20.74, 0.46, 1.47, 0, 0, 0, 0, 0, 0.677, 0, 103),
(192, 4.39, 7.89, 0, 0.1974, 0, 4.2, 0, 0, 0.474, 73, 53),
(193, 6.14, 15.79, 0.88, 0, 0, 0, 0, 0, 0.623, 0, 96),
(194, 5.33, 21.33, 24, 0.2001, 0, 0, 0, 0, 0.067, 0, 320),
(195, 3.17, 23.81, 24.6, 0.2382, 0, 0, 0, 0, 0.044, 0, 341),
(196, 8, 46, 21, 0.2232, 0.1, 0.2, 0, 0.84, 0.585, 0, 406),
(197, 4.9, 23.53, 8.82, 0, 0, 0, 0, 0, 0.784, 0, 196),
(198, 0.59, 2.16, 0.16, 0.0216, 0.051, 3.2, 0, 0.03, 0.138, 5.2, 10),
(199, 2.82, 57.75, 19.72, 0, 0, 0, 0, 0, 0.239, 0, 423),
(200, 5, 21, 0.1, 0, 0, 0, 0, 0, 0.178, 0, 98),
(201, 1.54, 52.31, 18.46, 0, 0, 0, 0, 0, 0.431, 0, 385),
(202, 3.57, 82.14, 0.38, 0, 0, 6.4, 0, 0, 0.192, 18, 264),
(203, 20, 0, 10, 0, 0, 0, 0, 0, 5.867, 0, 167),
(204, 12.94, 5.88, 17.65, 0.0705, 0, 5.6, 0, 0, 0.565, 0, 235),
(205, 6.75, 0.65, 15.16, 0, 0, 0, 0, 0, 0.253, 86.2, 168),
(206, 5.63, 16.9, 4.23, 0, 0, 0, 0.00035, 0, 0.317, 0, 128),
(207, 1.47, 27.09, 5.33, 0.0132, 0.316, 19.7, 0, 0, 0.438, 0, 147),
(208, 11.22, 7.61, 4.73, 0, 0.135, 9.7, 0, 0.72, 0.488, 0, 109),
(209, 1.01, 5.7, 0.19, 0.0069, 0.084, 2.2, 0, 0.3, 0.232, 2.3, 25),
(210, 11.85, 20, 8.15, 0.111, 0, 0, 0, 0, 0.504, 0, 200),
(211, 13.64, 0, 9.09, 0.1365, 0, 0, 0, 0, 0.427, 0, 136),
(212, 12.95, 11.05, 6.8, 0.054, 0.065, 29, 0, 0, 0.635, 0, 147),
(213, 5.07, 27.54, 7.25, 0.0216, 0, 8.7, 0, 0, 0.703, 0, 188),
(214, 12.41, 5.65, 3.74, 0, 0, 0, 0, 0, 0.38, 0, 103.25),
(215, 18, 8.67, 8.67, 0.06, 0, 0.8, 0, 0, 0.393, 0, 187),
(216, 11, 21, 13, 0.0255, 0.1, 0, 0.00035, 0, 0.637, 0, 248),
(217, 10.16, 65.67, 17.71, 0, 0.085, 0, 0, 3.68, 1.194, 3.42, 463),
(218, 17.6, 11.56, 8.43, 0, 0, 0, 0, 0, 0.663, 0, 197),
(219, 17.57, 8.54, 14.53, 0.0018, 0.037, 0.1, 0, 0.17, 0.76, 66.7, 240),
(220, 3.41, 42.58, 15.47, 0, 0.38, 5.6, 0, 1.38, 0.785, 0, 323),
(221, 14.28, 3.5, 6.49, 0, 0, 0, 0, 0, 0.728, 0, 127.94),
(222, 17.3, 12, 8.43, 0, 0, 0, 0, 0, 0.669, 0, 195),
(223, 8.87, 12.56, 15.02, 0.0924, 0, 2.2, 0, 0, 0.392, 0, 222),
(224, 15.18, 0, 22.32, 0, 0, 0, 0, 0, 0.501, 0, 259),
(225, 19.87, 10.94, 21.81, 0.0339, 0.3, 0, 0, 0, 0.458, 0, 324),
(226, 9.35, 20.91, 18.33, 0, 0, 0, 0, 0, 0.542, 0, 287),
(227, 2.4, 11.58, 10.75, 0, 0, 0, 0, 0, 0.433, 0, 133),
(228, 16.72, 6.71, 11.37, 0, 0, 0, 0, 0, 0.642, 0, 167),
(229, 18.4, 8.59, 4.6, 236.3, 0, 8.4, 0, 45.22, 0.893, 0, 197),
(230, 3.58, 4.04, 0.33, 0, 0.042, 0, 0.0002, 0, 0.408, 0, 26),
(231, 16.07, 69.64, 1.79, 0, 0, 0, 0, 0, 0.3, 0, 357),
(232, 5.45, 14.58, 5.5, 0, 0, 0, 0, 0, 0.431, 0, 127.11),
(233, 30.9, 0, 21.64, 0, 0, 0, 0, 0, 0.943, 0, 326),
(234, 2.35, 24.71, 8.24, 0, 0, 1.4, 0, 0, 0.471, 0, 188),
(235, 5.49, 25.1, 1.96, 0.0354, 0, 1.9, 0, 0, 0.471, 0, 141),
(236, 11.98, 0.94, 28.23, 0, 0.179, 0, 0.001075, 0.25, 1.31, 0, 309),
(237, 57.47, 23.9, 7.72, 0, 0, 0, 0, 0, 2.411, 0, 290),
(238, 15.29, 23.53, 12.94, 0.0354, 0, 0, 0, 0, 0.988, 0, 271),
(239, 2.35, 24.71, 4.71, 2.2941, 0, 2.8, 0, 0, 0.282, 0, 153),
(240, 12.28, 19.3, 3.51, 0.1578, 0, 0, 0, 0, 0.912, 0, 140),
(241, 3.95, 27.63, 3.95, 0.0396, 0, 4.7, 0, 0, 0.23, 0, 158),
(242, 12.31, 73.85, 1.54, 0.0462, 0, 7.4, 0, 0, 1, 0, 354),
(243, 1, 3.7, 0.17, 0.1413, 0.043, 84, 0, 0, 0.301, 0, 17),
(244, 10.71, 78.57, 7.14, 0.5358, 1.786, 21.4, 0.003575, 0, 0.804, 0, 393),
(245, 7.02, 45.61, 12.28, 0.01315, 0, 0, 0, 0, 0.509, 0, 316),
(246, 0, 13.18, 0, 0, 0, 20.3, 0, 0, 0.003, 0, 54),
(247, 5.62, 13.48, 0.4, 0.1347, 0, 6.7, 0, 0, 0.249, 0, 79),
(248, 10.62, 2.2, 0.88, 0, 0, 0, 0, 0, 0.345, 0, 53),
(249, 0.91, 6.36, 8.18, 0, 0, 2.2, 0, 0, 0.291, 0, 100),
(250, 17.86, 0, 1.79, 0, 0, 0, 0, 0, 0.464, 0, 89),
(251, 14.55, 3.64, 12.73, 0.0546, 0, 10.9, 0, 0, 0.422, 0, 187),
(252, 8.28, 12.88, 4.29, 0.1839, 0, 9.2, 0, 0, 0.212, 0, 126),
(253, 18.1, 0.86, 3.45, 0.0258, 0, 1, 0, 0, 0.19, 0, 103),
(254, 10, 23.57, 5, 0.0213, 0, 12.9, 0, 0, 0.414, 0, 171),
(255, 16.28, 1.84, 20.68, 0, 0.26, 0, 0.00065, 0.27, 1.556, 0, 263),
(256, 13.33, 27.78, 14.44, 0, 0, 0, 0, 0, 0.389, 0, 289),
(257, 14.29, 16.07, 60.71, 0, 0, 6.4, 0, 0, 0, 0, 625),
(258, 0.54, 9.09, 0.14, 0.015, 0.088, 18, 0, 0.02, 0.246, 15.82, 36),
(259, 8.48, 10.6, 2.83, 0.1326, 0, 9.5, 0, 0, 0.191, 0, 99),
(260, 9.3, 4.65, 25.58, 0, 0, 0, 0, 0, 1.186, 0, 302),
(261, 6.67, 69.33, 1.33, 0, 0, 0, 0, 0, 0.093, 0, 307),
(262, 4.29, 28.57, 14.29, 0.1287, 0, 0, 0, 0, 0.043, 0, 243),
(263, 5.2, 36.7, 2.5, 0, 0, 0, 0, 0, 0.803, 0, 194),
(264, 0, 87.5, 0, 0, 0, 11.2, 0, 0, 0.132, 10, 350),
(265, 17.54, 0, 19.3, 0, 0, 0, 0, 0, 0.289, 0, 246),
(266, 14.29, 73.21, 0.89, 0, 0, 0, 0, 0, 0.018, 0, 357),
(267, 2.09, 21.15, 0.14, 0, 0.279, 2.6, 0, 0.46, 0.6, 0, 88),
(268, 1.14, 14.66, 0.52, 0.0204, 0, 93.2, 0, 0, 0.315, 7.3, 61),
(269, 5.88, 82.35, 2.94, 0.5295, 1.176, 21.2, 0, 0, 0.823, 0, 353),
(270, 5, 16.47, 2.94, 0.3972, 0, 1.4, 0, 0, 0.291, 0, 112),
(271, 0, 8.62, 0, 0, 0, 41.4, 0, 0, 0, 0, 26),
(272, 9.73, 1.77, 11.5, 0.0531, 0, 1.1, 0, 0, 0.513, 0, 150),
(273, 1.18, 3.53, 0.1, 0.6177, 0, 2.8, 0, 0, 0.012, 0, 12),
(274, 11.11, 19.75, 9.88, 0, 0, 0, 0, 0, 0.222, 0, 210),
(275, 28.57, 0, 9.12, 0.0021, 0.387, 0.6, 0.000775, 0.21, 0.437, 50.4, 204),
(276, 4.98, 6.64, 9.13, 0.0933, 0, 1, 0, 0, 0.353, 0, 129),
(277, 21.14, 1.32, 0.6, 0, 0, 0, 0, 0, 1.091, 0, 101),
(278, 6, 18, 12, 0.15, 0, 18, 0, 0, 0.36, 0, 190),
(279, 2.86, 5.31, 8.57, 0, 0, 0, 0, 0, 0.416, 61.3, 110),
(280, 1.31, 15.14, 0.1, 0, 0, 84, 0, 0, 0.266, 15.3, 60),
(281, 0.71, 17.86, 0, 0, 0, 38.6, 0, 0, 0.064, 0, 79),
(282, 7.14, 14.29, 78.57, 0, 0, 0, 0, 0, 0.268, 0, 714),
(283, 5.49, 12.94, 6.27, 0.0588, 0, 0, 0, 0, 0.478, 0, 129),
(284, 2.82, 22.54, 12.68, 0.021, 0, 0.8, 0, 0, 0.577, 0, 204),
(285, 10, 53.33, 23.33, 0, 0, 0, 0, 0, 0.08, 0, 467),
(286, 0.82, 14.98, 0.38, 0.3246, 0.119, 36.4, 0, 0.9, 0.169, 7.46, 60),
(287, 0.41, 17.91, 0.58, 0.0105, 0.018, 2.9, 0, 0, 0.055, 1.2, 73),
(288, 6.67, 69.33, 1.33, 0, 0, 0, 0, 0, 0.093, 0, 307),
(289, 7.05, 70.54, 10.58, 0.0009, 0.074, 0, 0, 0.45, 0.677, 0, 406),
(290, 10, 60, 14, 0.12, 0, 4.8, 0, 0, 0.42, 0, 400),
(291, 3.75, 14.17, 4.58, 0.0375, 0, 0, 0, 0, 0.163, 0, 112),
(292, 2.75, 29.41, 4.71, 0.0471, 0, 0.5, 0, 0, 0.055, 0, 169),
(293, 30, 40, 10, 0, 0, 0, 0, 0, 8.2, 50, 350),
(294, 10, 74.29, 2.86, 0, 0, 6.9, 0, 0, 1.243, 0, 357),
(295, 2.35, 0, 3.53, 0, 0, 0, 0, 0, 0.323, 0, 24),
(296, 9.82, 3.57, 2.68, 0, 0, 0, 0, 0, 0.687, 0, 89),
(297, 15.4, 0.22, 26.19, 0.0162, 0.125, 0, 0.000075, 0.47, 0.325, 0, 298),
(298, 11.96, 1.57, 5.86, 0, 0, 0, 0, 0, 0.419, 0, 109),
(299, 32.59, 0, 27.83, 0, 0, 0, 0, 0, 0.939, 0, 391),
(300, 12.5, 50, 18.75, 0, 0, 0, 0, 0, 10, 0, 438),
(301, 26, 2.4, 10.3, 52, 0, 0, 0, 1.44, 0.689, 0, 206),
(302, 18, 2, 4, 16, 0, 0, 0, 0.53, 0.2, 0, 109),
(303, 8.33, 65, 15, 0, 0, 0, 0, 0, 1.817, 80, 433),
(304, 9.78, 17.39, 6.52, 0, 0, 0, 0, 0, 2.032, 0, 166),
(305, 13.11, 4.1, 13.11, 0.123, 0, 0, 0, 0, 0.656, 0, 189),
(306, 7.59, 8.02, 3.8, 0.0252, 0, 17.7, 0, 0, 0.232, 0, 101),
(307, 1.1, 9.34, 0.1, 0.0006, 0.12, 7.4, 0, 0.02, 0.2, 75.11, 40),
(308, 7.14, 57.14, 25, 0.1071, 0, 0, 0, 0, 1, 0, 500),
(309, 0.6, 10.2, 0.3, 0.0165, 0.054, 62.5, 0, 0.04, 0.181, 15.5, 45),
(310, 5.49, 18.04, 3.14, 0.0234, 0, 5.9, 0, 0, 0.428, 0, 122),
(311, 22.81, 0.11, 4.86, 0, 0.643, 0, 0, 0.24, 0.4, 3.4, 141),
(312, 5.71, 57.32, 1.9, 0.0072, 0.039, 0, 0.000075, 0.25, 0.526, 0, 269),
(313, 0.94, 14.48, 0.33, 0.2058, 0.018, 46.1, 0, 1.99, 0.195, 10.65, 65),
(314, 49, 26, 16, 0, 0.348, 0, 0, 8.33, 0.723, 0, 567),
(315, 0.36, 15.23, 0.14, 0.0075, 0.029, 4.3, 0, 0.12, 0.117, 6.88, 57),
(316, 9.17, 13.86, 71.97, 0.0168, 0.21, 1.1, 0, 1.4, 0.41, 0, 691),
(317, 27.27, 9.09, 22.73, 0, 0, 0, 0, 0, 2.091, 0, 364),
(318, 5.36, 80.36, 0.89, 0, 0, 0, 0, 0, 0.1, 0, 339),
(319, 17.86, 2.68, 8.93, 0, 0, 3.2, 0, 0, 0.446, 0, 170),
(320, 1.77, 17.7, 2.21, 0.7965, 0, 13.3, 0, 0, 0.381, 0, 97),
(321, 12.5, 71.43, 2.68, 0, 0, 0, 0, 0, 1, 0, 357),
(322, 20.16, 27.17, 45.32, 0.1548, 1.7, 5.6, 0, 2.86, 1.026, 0, 560),
(323, 9, 56, 1.2, 0, 0.034, 0, 0, 0.3, 0.656, 0, 275),
(324, 11.73, 29.93, 12.56, 0.078, 0.107, 0, 0, 1.06, 0.792, 0, 280),
(325, 9.63, 27.41, 11.11, 0.0666, 0, 4.4, 0, 0, 0.807, 0, 244),
(326, 0.7, 11.42, 0.28, 0.1035, 0.029, 9.5, 0, 0.26, 0.157, 8.23, 46),
(327, 1.67, 18.7, 1.17, 0, 0.075, 10.2, 0, 0.6, 0.239, 10.93, 83),
(328, 21.43, 15.48, 5.36, 0, 0, 0, 0, 0, 0.393, 0, 190),
(329, 15.48, 2.38, 17.86, 0, 0, 0, 0, 0, 0.845, 0, 226),
(330, 12.39, 8.07, 18.84, 0, 0, 0, 0, 0, 0.574, 0, 250.96),
(331, 30, 40, 10, 0, 0, 0, 0, 0, 8.2, 0, 350),
(332, 16.37, 1.6, 12.31, 0, 0, 0, 0, 0, 0.559, 0, 185),
(333, 2.57, 12.44, 0.1, 0, 0.239, 0, 0, 0, 0.423, 0, 58),
(334, 1.09, 22.83, 2.72, 0, 0, 0, 0, 0, 0.195, 0, 120),
(335, 12.58, 17.88, 2.65, 0.0396, 0, 1.6, 0, 0, 0.497, 0, 146),
(336, 13.75, 13.75, 3.75, 0.0375, 0, 1.5, 0, 0, 0.588, 0, 138),
(337, 21.43, 0.43, 19.64, 0, 0, 0, 0, 0, 0.589, 0, 268),
(338, 1, 6.5, 0.1, 0.369, 1.119, 9, 0, 1.06, 0.341, 0, 26),
(339, 0.76, 7.16, 0.08, 0, 0, 0, 0, 0, 0.207, 0, 32),
(340, 0.68, 3.4, 0.1, 0.0021, 0.071, 14.8, 0, 0, 0.272, 0, 16),
(341, 2.02, 12.14, 0.76, 0.0126, 0, 5, 0, 0, 0.552, 0, 56),
(342, 2.52, 78.47, 0.54, 0, 0.188, 5.4, 0, 0, 0.853, 0, 296),
(343, 7.9, 52.3, 4.4, 0, 0.069, 0.1, 0, 0.28, 0.617, 0, 274),
(344, 10.64, 59.57, 21.28, 0.1278, 0, 0, 0, 0, 2.128, 68.7, 468),
(345, 1.2, 11.94, 0.65, 0.0099, 0, 26.2, 0, 0.87, 0.152, 8.2, 52),
(346, 4.23, 50.7, 21.13, 0.0423, 0, 0, 0, 0, 0.239, 0, 408),
(347, 14.73, 74.9, 1.08, 0.0057, 0.391, 0, 0, 0.82, 0.434, 0, 357),
(348, 4, 45, 19, 0, 0, 0, 0, 0, 0.292, 0, 370),
(349, 18.14, 1.14, 5.04, 2.8776, 0.36, 13.1, 0, 0, 0.304, 0, 127),
(350, 16.43, 6.43, 13.57, 0.0213, 0, 0, 0, 0, 0.457, 0, 214),
(351, 1.44, 9.59, 0.13, 0, 0, 0, 0, 0, 0.478, 0, 39),
(352, 3.61, 19.28, 3.61, 0, 0, 0, 0, 0, 0.53, 0, 84),
(353, 10.65, 55.77, 5.8, 0.0015, 0.105, 0.2, 0, 0, 0.637, 0, 318),
(354, 13.11, 4.1, 13.11, 0.123, 0, 0, 0, 0, 0.656, 0, 189),
(355, 8.93, 1.79, 10.71, 0, 0, 0, 0, 0, 0.446, 0, 143),
(356, 8.5, 48.3, 3.3, 0.0021, 0.075, 0.4, 0, 0.33, 0.796, 0, 259),
(357, 18.28, 0, 4.32, 0.0261, 0.278, 0, 0.017125, 1.35, 0.847, 5.7, 117),
(358, 16.6, 2.8, 26.1, 35, 0, 0, 0, 0.42, 1.775, 0, 313),
(359, 81, 21, 10, 0, 0, 0, 0, 0, 1.2, 0, 475),
(360, 8.45, 20.42, 9.15, 0.264, 0, 2.5, 0, 0, 0.514, 0, 204),
(361, 0, 22.22, 0, 0, 0, 0, 0, 0, 1.333, 0, 222),
(362, 0, 33.33, 0, 0, 0, 0, 0, 0, 2, 0, 333),
(363, 20.28, 8.09, 18.16, 0, 0.828, 0, 0, 2.1, 1.119, 0, 255),
(364, 11.98, 0.94, 28.23, 0, 0.179, 0, 0.001075, 0.25, 1.31, 0, 309),
(365, 3.57, 6.25, 4.02, 2.0088, 0, 26.8, 0, 0, 0.339, 0, 71),
(366, 0, 28.57, 5.36, 0.1071, 0, 4.3, 0, 0, 2.964, 0, 125),
(367, 0, 55.56, 11.11, 0, 0, 0, 0, 0, 11.556, 0, 322),
(368, 8.24, 21.18, 11.76, 0, 0, 0, 0, 0, 0.424, 0, 224),
(369, 1.18, 9.41, 0, 2.1177, 0, 7.1, 0, 0, 0.428, 0, 41),
(370, 2.35, 20, 0, 0, 0, 4.2, 0, 0, 0.353, 0, 94),
(371, 18.6, 2.8, 0.8, 0, 0, 0, 0, 0, 0.38, 0, 93),
(372, 2.22, 6.53, 4.14, 0.0378, 0.03, 0, 0, 0, 0.732, 64.85, 72),
(373, 16.67, 1.24, 2.35, 0, 0, 0, 0, 0, 9.833, 0, 83),
(374, 12.49, 12.49, 20.32, 0, 0.00042, 0, 0, 0.23, 0.032, 0, 233),
(375, 0.83, 5, 0.12, 1.25, 0, 0, 0, 0, 0.315, 0, 25),
(376, 20.24, 2.38, 9.52, 0.0357, 0, 0, 0, 0, 0.869, 0, 179),
(377, 15.48, 2.38, 17.86, 0, 0, 0, 0, 0, 0.845, 0, 226),
(378, 14.38, 74.62, 0.71, 0, 0.24, 0, 0, 0, 1.044, 0, 336),
(379, 13.51, 6.76, 4.05, 0, 0.27, 0, 0, 0, 1.095, 0, 122),
(380, 2.4, 3.2, 12, 0.024, 0, 2.9, 0, 0, 0.432, 0, 128),
(381, 10, 7.6, 2.4, 0.15, 0, 0, 0, 0, 0.252, 0, 92),
(382, 4.93, 11.62, 5.99, 0.0792, 0, 7.4, 0, 0, 0.349, 0, 123),
(383, 18, 58, 10, 0.18, 0, 0, 0, 0, 0.94, 0, 400),
(384, 7.06, 18.43, 2.35, 0, 0, 0, 0, 0, 0.49, 0, 122),
(385, 20, 2.86, 10, 0, 0, 0, 0, 0, 0.4, 0, 186),
(386, 6.35, 28.57, 0, 0, 0, 1.9, 0, 0, 0.214, 0, 159),
(387, 16.67, 33.33, 8.33, 0, 0, 0, 0, 0, 0.583, 0, 275),
(388, 1.5, 2.18, 0.2, 1.3404, 0.194, 0, 0, 0.09, 0.317, 8.32, 13),
(389, 6.47, 15, 1.76, 0, 0, 0, 0, 0, 0.307, 0, 103),
(390, 4.64, 1.99, 2.32, 0.0396, 0, 4, 0, 0, 0.046, 0, 46),
(391, 20.21, 0.48, 7.52, 0.0756, 0.17, 2.8, 0, 0, 0.654, 10.1, 155),
(392, 4.9, 3.1, 2.3, 0, 0, 0, 0, 0, 0.397, 5.6, 53),
(393, 17.36, 1.01, 2.06, 0, 0, 0, 0, 0, 0.577, 0, 96),
(394, 13.3, 7.45, 8.53, 0, 0, 0, 0, 0, 0.812, 0, 163),
(395, 17.2, 0.85, 4.59, 135.5, 0, 39.5, 0, 21.11, 0.504, 0, 117),
(396, 26.6, 14.91, 17.06, 0, 0, 0, 0, 0, 1.173, 0, 325),
(397, 4, 22.8, 1.2, 0, 0, 16, 0, 0.46, 0.239, 0, 106),
(398, 13.1, 9.4, 7.1, 0.0051, 0.168, 12, 0, 0, 0.581, 7.2, 125),
(399, 1.56, 1.78, 0.16, 1.2747, 0.166, 26, 0.09, 0, 0.641, 6.55, 12),
(400, 2.35, 5.88, 0, 0.2646, 0, 84.7, 0, 0, 0.024, 0, 29),
(401, 2.46, 3.8, 8.6, 0.0789, 0, 3.2, 0, 0, 0.355, 0, 97),
(402, 1, 8.08, 2.31, 0, 1.518, 0.9, 0, 0.66, 0.434, 0, 54),
(403, 3.08, 10.77, 3.08, 0, 0, 0, 0, 0, 0.585, 0, 85),
(404, 14.29, 28.57, 46.43, 0, 0, 8.6, 0, 0, 0.492, 0, 571),
(405, 1.18, 4.39, 3.53, 0.6177, 0, 2.8, 0, 0, 0.337, 0, 12),
(406, 3.53, 0, 3.53, 0, 0, 1.4, 0.000475, 0, 0.371, 0, 24),
(407, 0.2, 66.3, 0.1, 0.0054, 0, 13.7, 0, 0.1, 0.072, 15.41, 254),
(408, 3.96, 27.75, 3.52, 0, 0, 0, 0, 0, 0.242, 0, 167),
(409, 7.14, 35, 6.43, 0, 0, 2.6, 0, 0, 0.214, 0, 229),
(410, 0.88, 5.31, 0.44, 0, 0, 53.1, 0, 0, 0.204, 0, 27),
(411, 5.53, 39.22, 2.11, 0, 0, 0.754, 0, 0, 0.863, 0, 171),
(412, 5.7, 18.12, 6.04, 0.1008, 0, 12.1, 0, 0, 0.124, 0, 144),
(413, 3.27, 7.35, 4.49, 0.0918, 0, 2.4, 0, 0, 0.269, 0, 86),
(414, 1.98, 23.19, 0.2, 2.6097, 0, 5.2, 0, 0, 0.285, 0, 101),
(415, 6.69, 15.1, 9.17, 0.0186, 0.103, 0, 0, 0.54, 0.592, 0, 170),
(416, 7.6, 16, 6.8, 0, 0, 0, 0, 0, 0.388, 0, 158),
(417, 14.58, 2.69, 6.1, 0.375, 0, 0, 0, 0, 0.604, 0, 126),
(418, 3.53, 30.59, 11.76, 0.1059, 0, 0, 0, 0, 0.035, 0, 247),
(419, 10.5, 52.6, 6.6, 0.0693, 0.064, 0, 0.000525, 0.29, 0.543, 0, 315),
(420, 1.32, 7.09, 0.39, 0.2403, 0.155, 21.5, 0, 0, 0.385, 8.09, 32),
(421, 7.14, 37.86, 1.79, 0, 0, 0, 0, 0, 0.152, 0, 196),
(422, 6.06, 57.58, 18.18, 0.1818, 0, 0, 0, 0, 0.061, 0, 424),
(423, 8.28, 47.59, 35.71, 20, 0, 0, 0, 0, 0.678, 0, 500),
(424, 0.61, 7.55, 0.15, 0.1707, 0.045, 0, 0, 0.05, 0.113, 41.45, 30),
(425, 1.75, 42.11, 6.14, 0, 0, 2.1, 0, 0, 0.544, 0, 246),
(426, 10.71, 42.86, 3.57, 0, 0, 0, 0, 0, 0.464, 0, 250),
(427, 4.48, 31.34, 4.48, 0, 0, 0, 0, 0, 0.433, 0, 164);

-- --------------------------------------------------------

--
-- 資料表結構 `pyramid`
--

CREATE TABLE `pyramid` (
  `fd_Pyramid` varchar(15) NOT NULL,
  `fd_pyramid_name` varchar(20) NOT NULL,
  `pyramid_content` varchar(100) NOT NULL
) ENGINE=InnoDB DEFAULT CHARSET=utf8;

--
-- 傾印資料表的資料 `pyramid`
--

INSERT INTO `pyramid` (`fd_Pyramid`, `fd_pyramid_name`, `pyramid_content`) VALUES
('A', 'Strarchy foods', '碳水化合物、蛋白質、膳食纖維、維生素B'),
('B', 'Milk and dairy foods', '蛋白質、脂肪、礦物質、維生素B'),
('C', 'Proteins', '蛋白質、脂肪、膳食纖維、礦物質、維生素B'),
('D', 'Fruit and vegetables', '膳食纖維、礦物質、維生素C'),
('E', 'Fats and sugars', '提供能量、植物油提供維生素E、必需脂肪酸');

-- --------------------------------------------------------

--
-- 資料表結構 `userbmi`
--

CREATE TABLE `userbmi` (
  `u_id` int(4) NOT NULL,
  `recordcheck` varchar(7) NOT NULL,
  `u_height` float NOT NULL,
  `u_weight` float NOT NULL,
  `u_type` varchar(15) NOT NULL
) ENGINE=InnoDB DEFAULT CHARSET=utf8;

--
-- 傾印資料表的資料 `userbmi`
--

INSERT INTO `userbmi` (`u_id`, `recordcheck`, `u_height`, `u_weight`, `u_type`) VALUES
(0, 'true', 1.75, 118, 'medium'),
(1, 'true', 1.85, 100, 'medium'),
(5, 'true', 1.7, 60, 'medium'),
(21, 'false', 0, 0, ''),
(22, 'true', 1.7, 60, 'medium'),
(38, 'false', 0, 0, ''),
(39, 'false', 0, 0, ''),
(40, 'true', 1.6, 50, 'medium'),
(41, 'false', 0, 0, ''),
(42, 'false', 0, 0, ''),
(43, 'true', 170, 70, 'medium'),
(44, 'true', 1.7, 70, 'medium');

-- --------------------------------------------------------

--
-- 資料表結構 `userlogin`
--

CREATE TABLE `userlogin` (
  `id` int(11) NOT NULL,
  `account` varchar(15) NOT NULL,
  `password` varchar(15) NOT NULL,
  `name` varchar(15) NOT NULL,
  `gender` varchar(7) NOT NULL,
  `year` int(4) NOT NULL,
  `month` tinyint(4) NOT NULL,
  `day` tinyint(4) NOT NULL,
  `telephone` varchar(20) NOT NULL,
  `email` varchar(20) NOT NULL,
  `u_lastT` datetime NOT NULL
) ENGINE=InnoDB DEFAULT CHARSET=utf8;


-- --------------------------------------------------------

--
-- 資料表結構 `userrecord`
--

CREATE TABLE `userrecord` (
  `u_recordNum` varchar(15) NOT NULL,
  `u_id` int(10) NOT NULL,
  `u_account` varchar(15) NOT NULL,
  `u_recordT` datetime NOT NULL,
  `u_recordpath` varchar(100) NOT NULL,
  `u_energy` float NOT NULL,
  `u_protein` float NOT NULL,
  `u_carbohydrates` float NOT NULL,
  `u_fat` float NOT NULL,
  `u_VA` float NOT NULL,
  `u_VB` float NOT NULL,
  `u_VC` float NOT NULL,
  `u_VD` float NOT NULL,
  `u_VE` float NOT NULL,
  `u_mineral` float NOT NULL,
  `u_water` float NOT NULL
) ENGINE=InnoDB DEFAULT CHARSET=utf8;

--
-- 傾印資料表的資料 `userrecord`
--

INSERT INTO `userrecord` (`u_recordNum`, `u_id`, `u_account`, `u_recordT`, `u_recordpath`, `u_energy`, `u_protein`, `u_carbohydrates`, `u_fat`, `u_VA`, `u_VB`, `u_VC`, `u_VD`, `u_VE`, `u_mineral`, `u_water`) VALUES
('R0827150539', 5, 'nora', '2019-08-27 15:05:39', 'records/R0827150539.txt', 0, 0, 0, 0, 0, 0, 0, 0, 0, 0, 0),
('R0827201732', 5, 'nora', '2019-08-27 20:17:32', 'records/R0827201732.txt', 0, 0, 0, 0, 0, 0, 0, 0, 0, 0, 0),
('R0827201736', 5, 'nora', '2019-08-27 20:17:36', 'records/R0827201736.txt', 0, 0, 0, 0, 0, 0, 0, 0, 0, 0, 0),
('R0828220352', 1, 'lily', '2019-08-29 22:03:52', 'records/R0830220352.txt', 449.5, 3.9, 69.65, 18.95, 0.0000715, 0, 0.0094, 0, 0, 0.535, 86),
('R0829220352', 1, 'lily', '2019-08-27 22:03:52', 'records/R0830220352.txt', 449.5, 3.9, 69.65, 18.95, 0.0000715, 0, 0.0094, 0, 0, 0.535, 86),
('R0830151947', 5, 'nora', '2019-08-30 15:19:47', 'records/R0830151947.txt', 0, 0, 0, 0, 0, 0, 0, 0, 0, 0, 0),
('R0830152044', 5, 'nora', '2019-08-30 15:20:44', 'records/R0830152044.txt', 0, 0, 0, 0, 0, 0, 0, 0, 0, 0, 0),
('R0830153119', 5, 'nora', '2019-08-30 15:31:19', 'records/R0830153119.txt', 0, 0, 0, 0, 0, 0, 0, 0, 0, 0, 0),
('R0830153623', 5, 'nora', '2019-08-30 15:36:23', 'records/R0830153623.txt', 0, 0, 0, 0, 0, 0, 0, 0, 0, 0, 0),
('R1004191711', 1, 'lily', '2019-10-04 19:17:11', 'records/R1006191711.txt', 1187.5, 84.835, 75.865, 65.7, 0.000108, 0.001972, 0.058, 0.0000002625, 0.00315, 3.8895, 390.6),
('R1005191711', 1, 'lily', '2019-10-05 19:17:11', 'records/R1006191711.txt', 1687.5, 84.835, 575.865, 65.7, 0.000108, 0.001972, 0.058, 0.0000002625, 0.00315, 3.8895, 390.6),
('R1006191711', 1, 'lily', '2019-10-06 19:17:11', 'records/R1006191711.txt', 1187.5, 84.835, 75.865, 65.7, 0.000108, 0.001972, 0.058, 0.0000002625, 0.00315, 3.8895, 390.6),
('R1006191751', 1, 'lily', '2019-10-06 19:17:51', 'records/R1006191751.txt', 2234, 119.635, 299.815, 67.555, 0.00017505, 0.0005865, 0, 0, 0.00123, 19.5485, 111.64),
('R1007120646', 1, 'lily', '2019-10-07 12:06:46', 'records/R1007120646.txt', 618, 28.515, 78.25, 22.255, 0.0000114, 0.000037, 0.004, 0, 0.00005, 1.6395, 86.67),
('R1007172143', 1, 'lily', '2019-10-07 17:21:43', 'records/R1007172143.txt', 489.5, 15.99, 100.56, 4.03, 0.0000171, 0.0000555, 0.006, 0, 0.000075, 0.8215, 130.005),
('R1020172143', 1, 'lily', '2019-10-20 17:21:43', 'records/R1007172143.txt', 2089.5, 415.99, 1500.56, 140.03, 0.0000171, 0.0000555, 0.006, 0, 0.000075, 0.8215, 130.005),
('R1020182143', 1, 'lily', '2019-10-20 17:21:43', 'records/R1007172143.txt', 1089.5, 415.99, 700.56, 140.03, 0.0000171, 0.0000555, 0.006, 0, 0.000075, 0.8215, 130.005),
('R1021120646', 1, 'lily', '2019-10-21 12:06:46', 'records/R1007120646.txt', 618, 28.515, 78.25, 22.255, 0.0000114, 0.000037, 0.004, 0, 0.00005, 1.6395, 86.67),
('R1021130646', 1, 'lily', '2019-10-21 12:06:46', 'records/R1007120646.txt', 1218, 628.515, 78.25, 22.255, 0.0000114, 0.000037, 0.004, 0, 0.00005, 1.6395, 86.67),
('R1021172143', 1, 'lily', '2019-10-21 17:21:43', 'records/R1007172143.txt', 570.5, 115.99, 100.56, 4.03, 0.0000171, 0.0000555, 0.006, 0, 0.000075, 0.8215, 130.005),
('R1023094910', 1, 'lily', '2019-10-23 09:49:10', 'records/R1023094910.txt', 1642.5, 16.55, 217.64, 34.61, 0.0000171, 0.0000555, 0.006, 0, 0.000075, 5.4555, 130.005),
('R1024153130', 1, 'lily', '2019-10-24 15:31:30', 'records/R1027153130.txt', 1758, 69.865, 7, 22.355, 0.0000285, 0.0008375, 0.006, 0, 0.001715, 1.6815, 145.525),
('R1105153130', 1, 'lily', '2019-11-05 15:31:30', 'records/R1027153130.txt', 1758, 69.865, 7, 22.355, 0.0000285, 0.0008375, 0.006, 0, 0.001715, 1.6815, 145.525),
('R1106153130', 1, 'lily', '2019-11-06 15:31:30', 'records/R1027153130.txt', 1158, 69.865, 174.66, 22.355, 0.0000285, 0.0008375, 0.006, 0, 0.001715, 1.6815, 145.525),
('R1107094959', 1, 'lily', '2019-11-07 09:49:59', 'records/R1028094959.txt', 1441, 59.115, 184.52, 51.665, 0.0297171, 0.0000555, 0.006, 0, 0.000075, 2833.59, 130.005),
('R1108095530', 1, 'lily', '2019-11-08 09:55:30', 'records/R1028095530.txt', 1064, 33.448, 157.775, 33.687, 0.00015747, 0.0001932, 0.01266, 0, 0.00069, 2.8751, 212.29),
('R1109204718', 1, 'lily', '2019-11-09 20:47:18', 'records/R1028204718.txt', 758.25, 50.38, 56.6175, 40.18, 0.000054, 0.000686, 0.029, 0, 0.001575, 1.91825, 105.3),
('R1110102646', 1, 'lily', '2019-11-10 10:26:46', 'records/R1110102646.txt', 858, 10.06, 201.72, 7.4, 0.0010944, 0.003408, 0.108, 0.00000715, 0.0001, 0.97, 173.34),
('R1111163944', 1, 'lily', '2019-11-11 16:39:44', 'records/R1111163944.txt', 2772.5, 82.68, 325.33, 26.825, 0.0008436, 0.0030025, 0.087, 0.0000053625, 0.00097, 17.575, 367.77),
('R1112163944', 1, 'lily', '2019-11-12 16:39:44', 'records/R1112163944.txt', 1772.5, 82.68, 325.33, 26.825, 0.0008436, 0.0030025, 0.087, 0.0000053625, 0.00097, 17.575, 367.77),
('R1112191918', 1, 'lily', '2019-11-12 19:19:18', 'records/R1112191918.txt', 1090, 47.86, 121.96, 45.48, 0, 0, 0, 0, 0, 3.346, 0),
('R1112210439', 1, 'lily', '2019-11-12 21:04:39', 'records/R1112210439.txt', 1280.5, 56.925, 142.53, 54.845, 0.000111, 0, 0, 0, 0, 3.487, 0),
('R1112212753', 1, 'lily', '2019-11-12 21:27:53', 'records/R1112212753.txt', 1040, 47.965, 136.72, 34.815, 0.0000171, 0.0000555, 0.006, 0, 0.000075, 2.5435, 310.005),
('R1112213143', 1, 'lily', '2019-11-12 21:31:43', 'records/R1112213143.txt', 648, 33.685, 61, 31.235, 0.0000171, 0.0000555, 0.006, 0, 0.000075, 2.2395, 310.005),
('R1113100306', 1, 'lily', '2019-11-13 10:03:06', 'records/R1113100306.txt', 1504, 102.04, 112.58, 73.96, 0, 0, 0, 0, 0, 4.386, 140),
('R1113100410', 1, 'lily', '2019-11-13 10:04:10', 'records/R1113100410.txt', 1504, 102.04, 112.58, 73.96, 0, 0, 0, 0, 0, 4.386, 140),
('R1114114300', 1, 'lily', '2019-11-14 11:43:00', 'records/R1022114300.txt', 1346, 68.805, 123.675, 64.16, 0, 0.0008, 0, 0.00000035, 0, 2.181, 315),
('R1115204844', 1, 'lily', '2019-11-15 20:48:44', 'records/R1112204844.txt', 1280.5, 56.925, 142.53, 54.845, 0.000111, 0, 0, 0, 0, 3.487, 0),
('R1115210844', 1, 'lily', '2019-11-15 21:08:44', 'records/R1112210844.txt', 1344, 87.88, 200.24, 26.68, 0.0000114, 0.000782, 0, 0, 0.00164, 10.38, 65.52),
('R1116152828', 5, 'nora', '2019-11-16 15:28:28', 'records/R0830152828.txt', 0, 0, 0, 0, 0, 0, 0, 0, 0, 0, 0),
('R1116153130', 1, 'lily', '2019-11-16 15:31:30', 'records/R1027153130.txt', 1158, 69.865, 174.66, 22.355, 0.0000285, 0.0008375, 0.006, 0, 0.001715, 1.6815, 145.525),
('R1116225229', 5, 'nora', '2019-11-16 22:52:29', 'records/R1117225229.txt', 1730, 62.17, 225.69, 64.34, 0.000225, 0.00021, 0.0004, 0, 0, 3.07, 70),
('R1117225145', 5, 'nora', '2019-11-17 22:51:45', 'records/R1117225145.txt', 902, 11.66, 211.32, 8, 0.0010944, 0.003408, 0.108, 0.00000715, 0.0001, 1.406, 303.34),
('R1117225801', 1, 'lily', '2019-11-17 22:58:01', 'records/R1117225801.txt', 1589, 104.46, 249.8, 27.16, 0.0000114, 0.000782, 0, 0, 0.00164, 21.368, 125),
('R1117230002', 1, 'lily', '2019-11-17 23:00:02', 'records/R1117230002.txt', 124.8, 0.702, 33.176, 0.338, 0.00002964, 0.0000962, 0.0104, 0, 0.00013, 0.0234, 225.342),
('R1117233307', 1, 'lily', '2019-11-17 23:33:07', 'records/R1117233307.txt', 1298.8, 59.387, 197.476, 34.898, 0.00004104, 0.0008782, 0.0104, 0, 0.00177, 3.2289, 225.342),
('R1118120900', 1, 'lily', '2019-11-18 12:09:00', 'records/R1118120900.txt', 1178, 53.38, 186.92, 28.34, 0.0000342, 0.000856, 0.008, 0, 0.00174, 2.756, 173.34),
('R1118140337', 1, 'lily', '2019-11-18 14:03:37', 'records/R1118140337.txt', 1779, 114.72, 220.72, 53.7, 1.23433, 0.041552, 0.01395, 0, 0.06089, 15.19, 75),
('R1118140603', 1, 'lily', '2019-11-18 14:06:03', 'records/R1118140603.txt', 1689.5, 92.65, 246.365, 46.215, 0.0000171, 0.001173, 0, 0, 0.00246, 4.135, 0),
('R1118140610', 1, 'lily', '2019-11-18 14:06:10', 'records/R1118140610.txt', 1689.5, 92.65, 246.365, 46.215, 0.0000171, 0.001173, 0, 0, 0.00246, 4.135, 0),
('R1118140633', 1, 'lily', '2019-11-18 14:06:33', 'records/R1118140633.txt', 1689.5, 92.65, 246.365, 46.215, 0.0000171, 0.001173, 0, 0, 0.00246, 4.135, 0),
('R1118140718', 1, 'lily', '2019-11-18 14:07:18', 'records/R1118140718.txt', 1689.5, 92.65, 246.365, 46.215, 0.0000171, 0.001173, 0, 0, 0.00246, 4.135, 0),
('R1118140721', 1, 'lily', '2019-11-18 14:07:21', 'records/R1118140721.txt', 1689.5, 92.65, 246.365, 46.215, 0.0000171, 0.001173, 0, 0, 0.00246, 4.135, 0),
('R1118140741', 1, 'lily', '2019-11-18 14:07:41', 'records/R1118140741.txt', 1689.5, 92.65, 246.365, 46.215, 0.0000171, 0.001173, 0, 0, 0.00246, 4.135, 0),
('R1118140753', 1, 'lily', '2019-11-18 14:07:53', 'records/R1118140753.txt', 1689.5, 92.65, 246.365, 46.215, 0.0000171, 0.001173, 0, 0, 0.00246, 4.135, 0),
('R1119101811', 0, '102919700361057', '2019-11-19 10:18:11', 'records/R1119101811.txt', 1129, 75.135, 174.04, 21.275, 0.0000228, 0.0004465, 0.006, 0, 0.000895, 16.8475, 230.005),
('R1119122353', 1, 'lily', '2019-11-19 12:23:53', 'records/R1119122353.txt', 1174, 58.685, 164.3, 34.56, 0.0000114, 0.000782, 0, 0, 0.00164, 3.2055, 0),
('R1119142807', 1, 'lily', '2019-11-19 14:28:07', 'records/R1119142807.txt', 2704.5, 136.345, 483.45, 39.84, 0.00108585, 0.0043115, 0.1, 0.00000715, 0.00205, 26.637, 150),
('R1119151355', 1, 'lily', '2019-11-19 15:13:55', 'records/R1119151355.txt', 589, 26.69, 93.46, 14.17, 0.0000171, 0.000428, 0.004, 0, 0.00087, 1.378, 86.67),
('R1119153708', 1, 'lily', '2019-11-19 15:37:08', 'records/R1119153708.txt', 1266, 64.53, 167.2, 41.04, 0.0000114, 0.000782, 0, 0, 0.00164, 3.673, 0),
('R1119155822', 1, 'lily', '2019-11-19 15:58:22', 'records/R1119155822.txt', 2062.5, 127.5, 339.15, 33.025, 0.00004275, 0.00107, 0.01, 0, 0.002175, 25.7075, 366.675),
('R1119163538', 1, 'lily', '2019-11-19 16:35:38', 'records/R1119163538.txt', 1589, 104.46, 249.8, 27.16, 0.0000114, 0.000782, 0, 0, 0.00164, 21.368, 125),
('R1119191556', 0, '102919700361057', '2019-11-19 19:15:56', 'records/R1119191556.txt', 578, 26.66, 55.56, 28.88, 0, 0, 0, 0, 0, 0.778, 0),
('R1120095556', 1, 'lily', '2019-11-20 09:55:56', 'records/R1120095556.txt', 26.18, 1.3398, 5.852, 0.2618, 0, 0, 0, 0, 0, 0.51744, 0),
('R1120122011', 1, 'lily', '2019-11-20 12:20:11', 'records/R1120122011.txt', 26.18, 1.3398, 5.852, 0.2618, 0, 0, 0, 0, 0, 0.51744, 0),
('R1120124728', 1, 'lily', '2019-11-20 12:47:28', 'records/R1120124728.txt', 1696, 100.44, 280, 26.08, 0.0000822, 0.000782, 0.0038, 0, 0.00164, 18.21, 100),
('R1120131802', 1, 'lily', '2019-11-20 13:18:02', 'records/R1120131802.txt', 2786.5, 187.635, 425.53, 53.09, 0.00004845, 0.0010885, 0.012, 0, 0.0022, 42.112, 510.01),
('R1120134305', 1, 'lily', '2019-11-20 13:43:05', 'records/R1120134305.txt', 1118.3, 54.391, 132.364, 43.671, 0.00001536, 0.0002936, 0.00696, 0, 0.00008, 4.0402, 4.24),
('R1120141241', 1, 'lily', '2019-11-20 14:12:41', 'records/R1120141241.txt', 922.5, 40.51, 128.72, 30.25, 0.0000285, 0.0000925, 0.01, 0, 0.000125, 3.0365, 216.675),
('R1120142610', 1, 'lily', '2019-11-20 14:26:10', 'records/R1120142610.txt', 578, 26.66, 55.56, 28.88, 0, 0, 0, 0, 0, 0.778, 0),
('R1120144249', 1, 'lily', '2019-11-20 14:42:49', 'records/R1120144249.txt', 2171.9, 57.176, 410.814, 42.711, 0.0018753, 0.0058345, 0.175, 0.0000125125, 0, 3.9008, 0),
('R1120150323', 1, 'lily', '2019-11-20 15:03:23', 'records/R1120150323.txt', 578, 26.66, 55.56, 28.88, 0, 0, 0, 0, 0, 0.778, 0),
('R1121095606', 1, 'lily', '2019-11-21 09:56:06', 'records/R1121095606.txt', 1358, 70.375, 170.1, 47.52, 0.0000114, 0.000782, 0, 0, 0.00164, 4.1405, 0),
('R1121095620', 1, 'lily', '2019-11-21 09:56:20', 'records/R1121095620.txt', 1358, 70.375, 170.1, 47.52, 0.0000114, 0.000782, 0, 0, 0.00164, 4.1405, 0),
('R1121095626', 1, 'lily', '2019-11-21 09:56:26', 'records/R1121095626.txt', 1358, 70.375, 170.1, 47.52, 0.0000114, 0.000782, 0, 0, 0.00164, 4.1405, 0),
('R1121095630', 1, 'lily', '2019-11-21 09:56:30', 'records/R1121095630.txt', 1358, 70.375, 170.1, 47.52, 0.0000114, 0.000782, 0, 0, 0.00164, 4.1405, 0),
('R1121110445', 1, 'lily', '2019-11-21 11:04:45', 'records/R1121110445.txt', 1589, 104.46, 249.8, 27.16, 0.0000114, 0.000782, 0, 0, 0.00164, 21.368, 125),
('R1122095834', 1, 'lily', '2019-11-22 09:58:34', 'records/R1122095834.txt', 416.5, 11.55, 77, 7, 0, 0, 0, 0, 0, 6.09, 0),
('R1122102319', 1, 'lily', '2019-11-22 10:23:19', 'records/R1122102319.txt', 448.5, 12.87, 84.09, 7.39, 0.0002403, 0.000155, 0.0215, 0, 0, 6.475, 8.09),
('R1122104340', 1, 'lily', '2019-11-22 10:43:40', 'records/R1122104340.txt', 448.5, 12.87, 84.09, 7.39, 0.0002403, 0.000155, 0.0215, 0, 0, 6.475, 8.09),
('R1122105053', 1, 'lily', '2019-11-22 10:50:53', 'records/R1122105053.txt', 448.5, 12.87, 84.09, 7.39, 0.0002403, 0.000155, 0.0215, 0, 0, 6.475, 8.09),
('R1122112341', 1, 'lily', '2019-11-22 11:23:41', 'records/R1122112341.txt', 448.5, 12.87, 84.09, 7.39, 0.0002403, 0.000155, 0.0215, 0, 0, 6.475, 8.09);

--
-- 已傾印資料表的索引
--

--
-- 資料表索引 `fooddata`
--
ALTER TABLE `fooddata`
  ADD PRIMARY KEY (`fd_num`);

--
-- 資料表索引 `googlelogin`
--
ALTER TABLE `googlelogin`
  ADD PRIMARY KEY (`id`);

--
-- 資料表索引 `nutrientsdata`
--
ALTER TABLE `nutrientsdata`
  ADD PRIMARY KEY (`nd_num`);

--
-- 資料表索引 `pyramid`
--
ALTER TABLE `pyramid`
  ADD PRIMARY KEY (`fd_Pyramid`);

--
-- 資料表索引 `userbmi`
--
ALTER TABLE `userbmi`
  ADD PRIMARY KEY (`u_id`);

--
-- 資料表索引 `userlogin`
--
ALTER TABLE `userlogin`
  ADD PRIMARY KEY (`id`),
  ADD UNIQUE KEY `u_account` (`account`) USING BTREE;

--
-- 資料表索引 `userrecord`
--
ALTER TABLE `userrecord`
  ADD PRIMARY KEY (`u_recordNum`);

--
-- 在傾印的資料表使用自動遞增(AUTO_INCREMENT)
--

--
-- 使用資料表自動遞增(AUTO_INCREMENT) `userlogin`
--
ALTER TABLE `userlogin`
  MODIFY `id` int(11) NOT NULL AUTO_INCREMENT, AUTO_INCREMENT=45;
COMMIT;

/*!40101 SET CHARACTER_SET_CLIENT=@OLD_CHARACTER_SET_CLIENT */;
/*!40101 SET CHARACTER_SET_RESULTS=@OLD_CHARACTER_SET_RESULTS */;
/*!40101 SET COLLATION_CONNECTION=@OLD_COLLATION_CONNECTION */;
